Pair,Final Capital,PnL,ROI (%)
USDJPY,1055.5400016787512,55.540001678751196,5.554000167875119
EURUSD,1102.6716517813563,102.67165178135633,10.267165178135633
GBPUSD,1038.6213931707277,38.62139317072774,3.8621393170727742
